{"stats":{"minecraft:dropped":{"minecraft:enchanted_book":10},"minecraft:picked_up":{"minecraft:crafting_table":2,"minecraft:enchanted_book":10,"minecraft:oak_log":10,"minecraft:dirt":3,"minecraft:cobblestone":24},"minecraft:custom":{"minecraft:time_since_rest":6539,"minecraft:walk_one_cm":9759,"minecraft:play_time":15887,"minecraft:sprint_one_cm":41646,"minecraft:damage_taken":510,"minecraft:deaths":2,"minecraft:interact_with_anvil":5,"minecraft:mob_kills":1,"minecraft:drop":10,"minecraft:jump":35,"minecraft:damage_dealt":197,"minecraft:time_since_death":6509,"minecraft:total_world_time":15887,"minecraft:fall_one_cm":836,"minecraft:interact_with_crafting_table":3,"minecraft:fly_one_cm":4831},"minecraft:killed":{"minecraft:zombie":1},"minecraft:crafted":{"minecraft:oak_planks":36,"minecraft:stone_axe":1,"minecraft:crafting_table":1,"minecraft:stick":24,"minecraft:stone_pickaxe":1,"minecraft:wooden_pickaxe":1},"minecraft:used":{"minecraft:stone_axe":1,"minecraft:anvil":1,"minecraft:crafting_table":2,"minecraft:stone_pickaxe":21,"minecraft:wooden_pickaxe":6},"minecraft:mined":{"minecraft:grass_block":1,"minecraft:oak_log":10,"minecraft:dirt":2,"minecraft:stone":24,"minecraft:crafting_table":2},"minecraft:killed_by":{"minecraft:skeleton":1,"minecraft:zombie":1}},"DataVersion":3465}