{"stats":{"minecraft:dropped":{"minecraft:enchanted_book":17},"minecraft:picked_up":{"minecraft:crafting_table":2,"minecraft:raw_iron":37,"minecraft:anvil":1,"minecraft:andesite":8,"minecraft:enchanted_book":17,"minecraft:oak_log":10,"minecraft:diorite":5,"minecraft:dirt":3,"minecraft:granite":1,"minecraft:cobblestone":115},"minecraft:custom":{"minecraft:time_since_rest":13074,"minecraft:sprint_one_cm":46261,"minecraft:damage_taken":510,"minecraft:walk_one_cm":12931,"minecraft:mob_kills":1,"minecraft:interact_with_anvil":8,"minecraft:drop":17,"minecraft:damage_dealt":197,"minecraft:interact_with_crafting_table":3,"minecraft:fly_one_cm":4831,"minecraft:crouch_one_cm":26,"minecraft:play_time":22422,"minecraft:deaths":2,"minecraft:sneak_time":105,"minecraft:walk_under_water_one_cm":329,"minecraft:jump":35,"minecraft:leave_game":1,"minecraft:walk_on_water_one_cm":130,"minecraft:time_since_death":13044,"minecraft:total_world_time":22422,"minecraft:fall_one_cm":836},"minecraft:killed":{"minecraft:zombie":1},"minecraft:crafted":{"minecraft:oak_planks":36,"minecraft:crafting_table":1,"minecraft:stick":24,"minecraft:wooden_pickaxe":1,"minecraft:stone_pickaxe":1,"minecraft:stone_axe":1},"minecraft:used":{"minecraft:diamond_pickaxe":123,"minecraft:stone_pickaxe":21,"minecraft:wooden_pickaxe":6,"minecraft:stone_axe":1,"minecraft:anvil":1,"minecraft:crafting_table":2},"minecraft:mined":{"minecraft:iron_ore":17,"minecraft:andesite":8,"minecraft:anvil":1,"minecraft:crafting_table":2,"minecraft:granite":1,"minecraft:grass_block":1,"minecraft:oak_log":10,"minecraft:dirt":2,"minecraft:stone":115,"minecraft:diorite":5},"minecraft:killed_by":{"minecraft:skeleton":1,"minecraft:zombie":1}},"DataVersion":3465}